params,iteration,train_loss,val_accuracy,val_loss,val_f1,val_precision,val_recall
"{'bidirectional': True, 'dropout_prop': 0.2625408598577811, 'learning_rate': 0.0015690489341780428, 'nb_lstm_layers': 1, 'nb_lstm_units': 64, 'sent_length': 12, 'use_class_weights': True}",9,1.7169,0.859,1.7318,0.8812,0.8594,0.8573
"{'bidirectional': False, 'dropout_prop': 0.16295974828494297, 'learning_rate': 0.013692588851175962, 'nb_lstm_layers': 1, 'nb_lstm_units': 64, 'sent_length': 15, 'use_class_weights': False}",9,2.3301,0.242,2.3127,0.0587,0.2422,0.0944
"{'bidirectional': False, 'dropout_prop': 0.09792923314452906, 'learning_rate': 0.008124644829466178, 'nb_lstm_layers': 2, 'nb_lstm_units': 64, 'sent_length': 8, 'use_class_weights': True}",4,2.3998,0.172,2.3956,0.0516,0.1719,0.0716
"{'bidirectional': False, 'dropout_prop': 0.04606874002895367, 'learning_rate': 0.002132637902575153, 'nb_lstm_layers': 1, 'nb_lstm_units': 128, 'sent_length': 10, 'use_class_weights': False}",3,2.3285,0.227,2.311,0.0513,0.2266,0.0837
"{'bidirectional': True, 'dropout_prop': 0.03313268099382649, 'learning_rate': 0.0154919981848293, 'nb_lstm_layers': 1, 'nb_lstm_units': 128, 'sent_length': 8, 'use_class_weights': True}",4,1.6507,0.961,1.5765,0.9656,0.9609,0.9612
"{'bidirectional': False, 'dropout_prop': 0.38016739965930363, 'learning_rate': 0.009825243578383469, 'nb_lstm_layers': 2, 'nb_lstm_units': 32, 'sent_length': 15, 'use_class_weights': True}",2,2.3954,0.117,2.3909,0.0489,0.1172,0.0647
"{'bidirectional': False, 'dropout_prop': 0.17343915798162263, 'learning_rate': 0.0023539866568278206, 'nb_lstm_layers': 1, 'nb_lstm_units': 64, 'sent_length': 15, 'use_class_weights': True}",6,2.3954,0.125,2.389,0.0629,0.125,0.0668
"{'bidirectional': False, 'dropout_prop': 0.21068452646048036, 'learning_rate': 0.008096724343648994, 'nb_lstm_layers': 1, 'nb_lstm_units': 32, 'sent_length': 15, 'use_class_weights': True}",8,2.3678,0.164,2.3382,0.0471,0.1641,0.0681
"{'bidirectional': True, 'dropout_prop': 0.3550997568684129, 'learning_rate': 0.0037413393372974306, 'nb_lstm_layers': 1, 'nb_lstm_units': 128, 'sent_length': 8, 'use_class_weights': True}",9,1.6635,0.906,1.6584,0.9207,0.9062,0.9073
"{'bidirectional': True, 'dropout_prop': 0.12426303124826188, 'learning_rate': 0.0044824158958559415, 'nb_lstm_layers': 1, 'nb_lstm_units': 64, 'sent_length': 8, 'use_class_weights': False}",9,1.7335,0.914,1.6427,0.8522,0.9141,0.8793
"{'bidirectional': False, 'dropout_prop': 0.23095435658971986, 'learning_rate': 0.01718996294985397, 'nb_lstm_layers': 2, 'nb_lstm_units': 128, 'sent_length': 8, 'use_class_weights': False}",0,2.346,0.234,2.3075,0.0549,0.2344,0.089
"{'bidirectional': False, 'dropout_prop': 0.1733013532500819, 'learning_rate': 0.0030336516744830524, 'nb_lstm_layers': 1, 'nb_lstm_units': 32, 'sent_length': 8, 'use_class_weights': True}",7,2.3404,0.125,2.3368,0.1052,0.125,0.0595
"{'bidirectional': False, 'dropout_prop': 0.21164742859542018, 'learning_rate': 0.0012277814916006307, 'nb_lstm_layers': 1, 'nb_lstm_units': 128, 'sent_length': 8, 'use_class_weights': False}",3,2.3293,0.227,2.31,0.0513,0.2266,0.0837
"{'bidirectional': True, 'dropout_prop': 0.4571796675339996, 'learning_rate': 0.0010518411951853767, 'nb_lstm_layers': 2, 'nb_lstm_units': 64, 'sent_length': 12, 'use_class_weights': True}",7,1.8106,0.75,1.7953,0.7698,0.75,0.7218
"{'bidirectional': False, 'dropout_prop': 0.23344429930745425, 'learning_rate': 0.029028084790108974, 'nb_lstm_layers': 2, 'nb_lstm_units': 32, 'sent_length': 8, 'use_class_weights': False}",3,2.3296,0.227,2.3098,0.0521,0.2266,0.0848
"{'bidirectional': True, 'dropout_prop': 0.3310372899498704, 'learning_rate': 0.027560439666112952, 'nb_lstm_layers': 1, 'nb_lstm_units': 128, 'sent_length': 10, 'use_class_weights': False}",4,2.1682,0.438,2.1214,0.3142,0.4375,0.339
"{'bidirectional': False, 'dropout_prop': 0.1956708336614883, 'learning_rate': 0.0013994548396335962, 'nb_lstm_layers': 2, 'nb_lstm_units': 32, 'sent_length': 10, 'use_class_weights': True}",8,2.3365,0.219,2.3172,0.1225,0.2188,0.142
"{'bidirectional': True, 'dropout_prop': 0.20245743838611102, 'learning_rate': 0.019710733257246132, 'nb_lstm_layers': 2, 'nb_lstm_units': 32, 'sent_length': 8, 'use_class_weights': True}",4,1.7046,0.914,1.6246,0.9283,0.9141,0.9166
"{'bidirectional': True, 'dropout_prop': 0.30898137416102345, 'learning_rate': 0.004416120796136902, 'nb_lstm_layers': 1, 'nb_lstm_units': 32, 'sent_length': 10, 'use_class_weights': False}",9,1.7409,0.867,1.6881,0.8156,0.8672,0.8355
"{'bidirectional': False, 'dropout_prop': 0.02322470627945561, 'learning_rate': 0.005156707658800088, 'nb_lstm_layers': 1, 'nb_lstm_units': 32, 'sent_length': 15, 'use_class_weights': True}",9,2.3548,0.164,2.3613,0.0337,0.1641,0.0552
"{'bidirectional': True, 'dropout_prop': 0.07663580594602276, 'learning_rate': 0.01991720905119334, 'nb_lstm_layers': 2, 'nb_lstm_units': 128, 'sent_length': 8, 'use_class_weights': True}",7,1.8557,0.758,1.803,0.7252,0.7578,0.7318
"{'bidirectional': True, 'dropout_prop': 0.0029584469995083684, 'learning_rate': 0.012228740134151806, 'nb_lstm_layers': 2, 'nb_lstm_units': 128, 'sent_length': 12, 'use_class_weights': True}",4,1.7081,0.875,1.6435,0.9033,0.875,0.8802
"{'bidirectional': True, 'dropout_prop': 0.2797579493089508, 'learning_rate': 0.019993557998480883, 'nb_lstm_layers': 2, 'nb_lstm_units': 32, 'sent_length': 8, 'use_class_weights': True}",9,1.6917,0.867,1.6787,0.9124,0.8672,0.879
"{'bidirectional': True, 'dropout_prop': 0.4105271434225619, 'learning_rate': 0.027204937421649936, 'nb_lstm_layers': 2, 'nb_lstm_units': 128, 'sent_length': 8, 'use_class_weights': True}",6,2.2034,0.461,2.0761,0.4418,0.4609,0.4275
"{'bidirectional': True, 'dropout_prop': 0.1254672185453708, 'learning_rate': 0.006711083057916605, 'nb_lstm_layers': 2, 'nb_lstm_units': 32, 'sent_length': 8, 'use_class_weights': True}",7,1.8004,0.773,1.7843,0.8012,0.7734,0.7404
"{'bidirectional': True, 'dropout_prop': 0.05617732708766171, 'learning_rate': 0.013356106558327863, 'nb_lstm_layers': 2, 'nb_lstm_units': 128, 'sent_length': 12, 'use_class_weights': True}",8,2.0797,0.594,2.0091,0.5715,0.5938,0.5725
"{'bidirectional': True, 'dropout_prop': 0.003861421414120436, 'learning_rate': 0.02151188100663743, 'nb_lstm_layers': 1, 'nb_lstm_units': 32, 'sent_length': 8, 'use_class_weights': True}",9,1.5951,0.961,1.5947,0.9648,0.9609,0.9617
"{'bidirectional': True, 'dropout_prop': 0.0028667521118490857, 'learning_rate': 0.024106989264466416, 'nb_lstm_layers': 1, 'nb_lstm_units': 128, 'sent_length': 8, 'use_class_weights': True}",9,1.7136,0.891,1.6973,0.8426,0.8906,0.8617
"{'bidirectional': True, 'dropout_prop': 0.00026930787300355474, 'learning_rate': 0.010568014856832392, 'nb_lstm_layers': 1, 'nb_lstm_units': 128, 'sent_length': 12, 'use_class_weights': True}",9,1.609,0.938,1.5991,0.9417,0.9375,0.9376
"{'bidirectional': True, 'dropout_prop': 0.11730840462727353, 'learning_rate': 0.01577278912768882, 'nb_lstm_layers': 1, 'nb_lstm_units': 32, 'sent_length': 8, 'use_class_weights': True}",9,1.6084,0.961,1.5825,0.9673,0.9609,0.9609
"{'bidirectional': True, 'dropout_prop': 0.12206247073328116, 'learning_rate': 0.01498958670937251, 'nb_lstm_layers': 1, 'nb_lstm_units': 64, 'sent_length': 8, 'use_class_weights': True}",9,1.6074,0.961,1.5902,0.9659,0.9609,0.9615
"{'bidirectional': True, 'dropout_prop': 0.09164571442882422, 'learning_rate': 0.0077140092646268916, 'nb_lstm_layers': 1, 'nb_lstm_units': 32, 'sent_length': 10, 'use_class_weights': True}",9,1.6353,0.898,1.6507,0.9209,0.8984,0.901
"{'bidirectional': True, 'dropout_prop': 0.14686547209979367, 'learning_rate': 0.0062051547350113504, 'nb_lstm_layers': 1, 'nb_lstm_units': 64, 'sent_length': 12, 'use_class_weights': True}",6,1.9734,0.633,1.8967,0.54,0.6328,0.5603
"{'bidirectional': True, 'dropout_prop': 0.0559353270692143, 'learning_rate': 0.009983688898055553, 'nb_lstm_layers': 1, 'nb_lstm_units': 128, 'sent_length': 15, 'use_class_weights': True}",9,1.6187,0.938,1.6158,0.9423,0.9375,0.9383
"{'bidirectional': True, 'dropout_prop': 0.27926009867034995, 'learning_rate': 0.015898856045032047, 'nb_lstm_layers': 1, 'nb_lstm_units': 128, 'sent_length': 8, 'use_class_weights': True}",9,1.6162,0.953,1.605,0.9625,0.9531,0.9542
"{'bidirectional': True, 'dropout_prop': 0.032977943716546984, 'learning_rate': 0.011752119381766936, 'nb_lstm_layers': 1, 'nb_lstm_units': 32, 'sent_length': 15, 'use_class_weights': False}",4,1.8478,0.789,1.7711,0.6884,0.7891,0.7329
"{'bidirectional': True, 'dropout_prop': 0.0815270054355422, 'learning_rate': 0.008756554245017383, 'nb_lstm_layers': 1, 'nb_lstm_units': 64, 'sent_length': 8, 'use_class_weights': True}",9,1.6172,0.969,1.5852,0.9805,0.9688,0.9724
"{'bidirectional': True, 'dropout_prop': 0.14976019644853023, 'learning_rate': 0.0027256050028487406, 'nb_lstm_layers': 1, 'nb_lstm_units': 32, 'sent_length': 10, 'use_class_weights': True}",9,1.7268,0.836,1.7309,0.8508,0.8359,0.8328
"{'bidirectional': True, 'dropout_prop': 0.10276810727858669, 'learning_rate': 0.01726143351388154, 'nb_lstm_layers': 1, 'nb_lstm_units': 128, 'sent_length': 8, 'use_class_weights': False}",9,1.6004,0.938,1.6025,0.9467,0.9375,0.9319
"{'bidirectional': True, 'dropout_prop': 0.06735992031879195, 'learning_rate': 0.0067915644443197615, 'nb_lstm_layers': 1, 'nb_lstm_units': 64, 'sent_length': 15, 'use_class_weights': True}",4,1.696,0.922,1.6223,0.9318,0.9219,0.9241
"{'bidirectional': False, 'dropout_prop': 0.25886326300393386, 'learning_rate': 0.013791203026647197, 'nb_lstm_layers': 1, 'nb_lstm_units': 128, 'sent_length': 8, 'use_class_weights': True}",2,2.408,0.148,2.3836,0.0959,0.1484,0.099
"{'bidirectional': True, 'dropout_prop': 0.029274874338055118, 'learning_rate': 0.02342744991088402, 'nb_lstm_layers': 1, 'nb_lstm_units': 32, 'sent_length': 8, 'use_class_weights': False}",9,1.6043,0.953,1.5932,0.9536,0.9531,0.9531
"{'bidirectional': True, 'dropout_prop': 0.1775061029017697, 'learning_rate': 0.0038311888763087436, 'nb_lstm_layers': 1, 'nb_lstm_units': 128, 'sent_length': 12, 'use_class_weights': True}",9,1.6601,0.883,1.6611,0.9077,0.8828,0.8823
"{'bidirectional': False, 'dropout_prop': 0.10971086214998972, 'learning_rate': 0.0017689498987373087, 'nb_lstm_layers': 1, 'nb_lstm_units': 64, 'sent_length': 8, 'use_class_weights': True}",9,2.3425,0.195,2.3214,0.1581,0.1953,0.1263
"{'bidirectional': True, 'dropout_prop': 0.1371075087207435, 'learning_rate': 0.0052172059528721405, 'nb_lstm_layers': 1, 'nb_lstm_units': 32, 'sent_length': 10, 'use_class_weights': False}",9,1.7276,0.898,1.6564,0.8382,0.8984,0.8643
"{'bidirectional': False, 'dropout_prop': 0.4872630175665829, 'learning_rate': 0.008387284399250917, 'nb_lstm_layers': 1, 'nb_lstm_units': 128, 'sent_length': 15, 'use_class_weights': True}",0,2.3989,0.062,2.3874,0.2486,0.0625,0.0482
"{'bidirectional': True, 'dropout_prop': 0.22971094372691464, 'learning_rate': 0.02951382121354252, 'nb_lstm_layers': 1, 'nb_lstm_units': 32, 'sent_length': 8, 'use_class_weights': True}",4,1.6831,0.945,1.6161,0.95,0.9453,0.9455
"{'bidirectional': False, 'dropout_prop': 0.18284497735869187, 'learning_rate': 0.010781136820719487, 'nb_lstm_layers': 1, 'nb_lstm_units': 64, 'sent_length': 8, 'use_class_weights': False}",3,2.3294,0.227,2.3113,0.0513,0.2266,0.0837
"{'bidirectional': True, 'dropout_prop': 0.1556978919946152, 'learning_rate': 0.016987721719183647, 'nb_lstm_layers': 1, 'nb_lstm_units': 32, 'sent_length': 10, 'use_class_weights': True}",7,1.621,0.93,1.6153,0.9342,0.9297,0.9293
"{'bidirectional': True, 'dropout_prop': 0.046749495016295106, 'learning_rate': 0.009044787170655093, 'nb_lstm_layers': 1, 'nb_lstm_units': 128, 'sent_length': 8, 'use_class_weights': True}",9,1.6113,0.969,1.5811,0.9756,0.9688,0.97
"{'bidirectional': False, 'dropout_prop': 0.42072773080888654, 'learning_rate': 0.004425914536820277, 'nb_lstm_layers': 1, 'nb_lstm_units': 128, 'sent_length': 12, 'use_class_weights': False}",9,2.3312,0.242,2.3105,0.0587,0.2422,0.0944
"{'bidirectional': True, 'dropout_prop': 0.35339693130552624, 'learning_rate': 0.009205606707403514, 'nb_lstm_layers': 2, 'nb_lstm_units': 128, 'sent_length': 15, 'use_class_weights': True}",6,2.0705,0.641,1.98,0.5101,0.6406,0.5587
"{'bidirectional': True, 'dropout_prop': 0.024811022288584936, 'learning_rate': 0.0032781607946293233, 'nb_lstm_layers': 1, 'nb_lstm_units': 128, 'sent_length': 8, 'use_class_weights': True}",7,1.7379,0.914,1.655,0.9268,0.9141,0.9056
"{'bidirectional': False, 'dropout_prop': 0.0520034259128902, 'learning_rate': 0.0058361821202158725, 'nb_lstm_layers': 1, 'nb_lstm_units': 128, 'sent_length': 8, 'use_class_weights': True}",8,2.3983,0.117,2.3941,0.09,0.1172,0.0623
"{'bidirectional': True, 'dropout_prop': 0.29644226847710436, 'learning_rate': 0.007395375373420162, 'nb_lstm_layers': 2, 'nb_lstm_units': 128, 'sent_length': 10, 'use_class_weights': False}",9,1.7576,0.859,1.6828,0.802,0.8594,0.8271
"{'bidirectional': True, 'dropout_prop': 0.22461493267288146, 'learning_rate': 0.00210347756514879, 'nb_lstm_layers': 1, 'nb_lstm_units': 128, 'sent_length': 8, 'use_class_weights': True}",6,1.8547,0.844,1.74,0.8446,0.8438,0.8341
"{'bidirectional': True, 'dropout_prop': 0.08976118608355423, 'learning_rate': 0.012682193649387956, 'nb_lstm_layers': 2, 'nb_lstm_units': 128, 'sent_length': 12, 'use_class_weights': True}",8,1.8531,0.734,1.8299,0.7105,0.7344,0.715
"{'bidirectional': False, 'dropout_prop': 0.4979960310139967, 'learning_rate': 0.0010150369582563063, 'nb_lstm_layers': 1, 'nb_lstm_units': 128, 'sent_length': 8, 'use_class_weights': True}",4,2.3971,0.172,2.3934,0.0305,0.1719,0.0518
"{'bidirectional': True, 'dropout_prop': 0.040083850229108514, 'learning_rate': 0.01140029602107737, 'nb_lstm_layers': 1, 'nb_lstm_units': 128, 'sent_length': 15, 'use_class_weights': False}",9,1.6056,0.953,1.591,0.9588,0.9531,0.9523
"{'bidirectional': True, 'dropout_prop': 0.19640970203280023, 'learning_rate': 0.004926911423596075, 'nb_lstm_layers': 2, 'nb_lstm_units': 128, 'sent_length': 8, 'use_class_weights': True}",7,1.7976,0.805,1.7418,0.8171,0.8047,0.7884
"{'bidirectional': True, 'dropout_prop': 0.011712708907793301, 'learning_rate': 0.019054375173249635, 'nb_lstm_layers': 1, 'nb_lstm_units': 128, 'sent_length': 8, 'use_class_weights': True}",6,1.8859,0.734,1.8323,0.6155,0.7344,0.6583
"{'bidirectional': True, 'dropout_prop': 0.07758809904425219, 'learning_rate': 0.02401483990449227, 'nb_lstm_layers': 1, 'nb_lstm_units': 64, 'sent_length': 10, 'use_class_weights': True}",9,1.6087,0.961,1.5833,0.9649,0.9609,0.9616
"{'bidirectional': False, 'dropout_prop': 0.2450857372991259, 'learning_rate': 0.009513546243575711, 'nb_lstm_layers': 2, 'nb_lstm_units': 128, 'sent_length': 12, 'use_class_weights': True}",4,2.3976,0.164,2.3948,0.0642,0.1641,0.0838
"{'bidirectional': True, 'dropout_prop': 0.3846838488263875, 'learning_rate': 0.003694923435755265, 'nb_lstm_layers': 1, 'nb_lstm_units': 128, 'sent_length': 8, 'use_class_weights': False}",9,1.646,0.883,1.6657,0.8913,0.8828,0.8791
"{'bidirectional': True, 'dropout_prop': 0.06459788079731141, 'learning_rate': 0.026754657473039997, 'nb_lstm_layers': 1, 'nb_lstm_units': 128, 'sent_length': 8, 'use_class_weights': True}",6,1.6355,0.922,1.6269,0.9306,0.9219,0.9235
"{'bidirectional': True, 'dropout_prop': 0.11136218276801124, 'learning_rate': 0.01507322213175528, 'nb_lstm_layers': 1, 'nb_lstm_units': 32, 'sent_length': 8, 'use_class_weights': True}",7,1.6133,0.953,1.595,0.9581,0.9531,0.9536
"{'bidirectional': True, 'dropout_prop': 0.1293871367897153, 'learning_rate': 0.013792016174123446, 'nb_lstm_layers': 1, 'nb_lstm_units': 32, 'sent_length': 8, 'use_class_weights': True}",9,1.6725,0.938,1.6144,0.9426,0.9375,0.9383
"{'bidirectional': True, 'dropout_prop': 0.17007650780724332, 'learning_rate': 0.018097979589291335, 'nb_lstm_layers': 1, 'nb_lstm_units': 32, 'sent_length': 8, 'use_class_weights': True}",9,1.6122,0.969,1.5776,0.9726,0.9688,0.9685
"{'bidirectional': True, 'dropout_prop': 0.16552808823196596, 'learning_rate': 0.02230193167856707, 'nb_lstm_layers': 1, 'nb_lstm_units': 32, 'sent_length': 8, 'use_class_weights': True}",6,1.6248,0.938,1.6009,0.9457,0.9375,0.9385
"{'bidirectional': True, 'dropout_prop': 0.01694951161216253, 'learning_rate': 0.018251835375201673, 'nb_lstm_layers': 1, 'nb_lstm_units': 32, 'sent_length': 8, 'use_class_weights': True}",9,1.5988,0.969,1.5773,0.9722,0.9688,0.9694
"{'bidirectional': True, 'dropout_prop': 0.3292354699788762, 'learning_rate': 0.018752968970907162, 'nb_lstm_layers': 1, 'nb_lstm_units': 32, 'sent_length': 8, 'use_class_weights': True}",9,1.653,0.93,1.6364,0.9372,0.9297,0.9292
"{'bidirectional': True, 'dropout_prop': 0.21479217156422525, 'learning_rate': 0.02540014764575757, 'nb_lstm_layers': 1, 'nb_lstm_units': 32, 'sent_length': 8, 'use_class_weights': True}",9,1.6196,0.977,1.5869,0.979,0.9766,0.9767
"{'bidirectional': True, 'dropout_prop': 0.09608243762285584, 'learning_rate': 0.021401769267504117, 'nb_lstm_layers': 1, 'nb_lstm_units': 32, 'sent_length': 8, 'use_class_weights': True}",9,1.6044,0.977,1.5724,0.9829,0.9766,0.9778
"{'bidirectional': True, 'dropout_prop': 0.01141077406919536, 'learning_rate': 0.029942994601902063, 'nb_lstm_layers': 1, 'nb_lstm_units': 32, 'sent_length': 15, 'use_class_weights': True}",9,1.6027,0.969,1.5796,0.973,0.9688,0.9693
"{'bidirectional': True, 'dropout_prop': 0.01609891335107706, 'learning_rate': 0.02120202001729583, 'nb_lstm_layers': 1, 'nb_lstm_units': 32, 'sent_length': 8, 'use_class_weights': True}",4,1.6304,0.977,1.5724,0.979,0.9766,0.9767
"{'bidirectional': True, 'dropout_prop': 0.07115764880406869, 'learning_rate': 0.021003042103452822, 'nb_lstm_layers': 1, 'nb_lstm_units': 32, 'sent_length': 12, 'use_class_weights': True}",9,1.6104,0.969,1.5744,0.972,0.9688,0.969
"{'bidirectional': True, 'dropout_prop': 0.0984956416560953, 'learning_rate': 0.021220421801482647, 'nb_lstm_layers': 1, 'nb_lstm_units': 32, 'sent_length': 12, 'use_class_weights': True}",9,1.6037,0.953,1.5918,0.9587,0.9531,0.9534
"{'bidirectional': True, 'dropout_prop': 0.06623879412729541, 'learning_rate': 0.027238640843452525, 'nb_lstm_layers': 1, 'nb_lstm_units': 32, 'sent_length': 12, 'use_class_weights': True}",9,1.6058,0.977,1.5795,0.9794,0.9766,0.9769
"{'bidirectional': True, 'dropout_prop': 0.13348995710477757, 'learning_rate': 0.020341089404333913, 'nb_lstm_layers': 2, 'nb_lstm_units': 32, 'sent_length': 12, 'use_class_weights': True}",7,1.6834,0.906,1.6506,0.9127,0.9062,0.9051
"{'bidirectional': True, 'dropout_prop': 0.03813098628334215, 'learning_rate': 0.0012318142124982407, 'nb_lstm_layers': 1, 'nb_lstm_units': 32, 'sent_length': 12, 'use_class_weights': True}",7,1.9159,0.758,1.8804,0.7185,0.7578,0.7224
"{'bidirectional': False, 'dropout_prop': 0.08801962525902535, 'learning_rate': 0.013905364492517043, 'nb_lstm_layers': 1, 'nb_lstm_units': 32, 'sent_length': 12, 'use_class_weights': True}",8,2.3518,0.156,2.3347,0.0625,0.1562,0.0799
"{'bidirectional': True, 'dropout_prop': 0.0016236767909696276, 'learning_rate': 0.022482237844134428, 'nb_lstm_layers': 1, 'nb_lstm_units': 32, 'sent_length': 12, 'use_class_weights': False}",9,1.5989,0.938,1.6087,0.9425,0.9375,0.9375
"{'bidirectional': True, 'dropout_prop': 0.19200602261403993, 'learning_rate': 0.01614902973770382, 'nb_lstm_layers': 1, 'nb_lstm_units': 32, 'sent_length': 12, 'use_class_weights': True}",9,1.6197,0.961,1.5937,0.9655,0.9609,0.9614
"{'bidirectional': True, 'dropout_prop': 0.14956708434370947, 'learning_rate': 0.02986699046542206, 'nb_lstm_layers': 1, 'nb_lstm_units': 32, 'sent_length': 10, 'use_class_weights': True}",9,1.6289,0.961,1.5926,0.9655,0.9609,0.962
"{'bidirectional': True, 'dropout_prop': 0.07383333446190521, 'learning_rate': 0.012379554614520763, 'nb_lstm_layers': 2, 'nb_lstm_units': 32, 'sent_length': 12, 'use_class_weights': True}",9,1.6552,0.906,1.6315,0.9144,0.9062,0.9066
"{'bidirectional': True, 'dropout_prop': 0.2735896715215587, 'learning_rate': 0.010087559240846774, 'nb_lstm_layers': 1, 'nb_lstm_units': 64, 'sent_length': 15, 'use_class_weights': False}",9,1.6924,0.914,1.628,0.8879,0.9141,0.8978
"{'bidirectional': False, 'dropout_prop': 0.10531170015559815, 'learning_rate': 0.007775812359363258, 'nb_lstm_layers': 1, 'nb_lstm_units': 32, 'sent_length': 12, 'use_class_weights': True}",9,2.3441,0.148,2.3447,0.1109,0.1484,0.1217
"{'bidirectional': True, 'dropout_prop': 0.1400313476049353, 'learning_rate': 0.02429771516076167, 'nb_lstm_layers': 1, 'nb_lstm_units': 32, 'sent_length': 10, 'use_class_weights': True}",9,1.6309,0.938,1.6254,0.9394,0.9375,0.9351
"{'bidirectional': True, 'dropout_prop': 0.1194063599524321, 'learning_rate': 0.011436831547954973, 'nb_lstm_layers': 2, 'nb_lstm_units': 32, 'sent_length': 12, 'use_class_weights': True}",4,1.698,0.914,1.6284,0.9215,0.9141,0.9097
"{'bidirectional': False, 'dropout_prop': 0.04871381736597266, 'learning_rate': 0.014742401380457931, 'nb_lstm_layers': 1, 'nb_lstm_units': 32, 'sent_length': 15, 'use_class_weights': True}",1,2.3967,0.219,2.3885,0.1073,0.2188,0.0879
"{'bidirectional': True, 'dropout_prop': 0.24472725293804992, 'learning_rate': 0.007224991538427447, 'nb_lstm_layers': 1, 'nb_lstm_units': 64, 'sent_length': 12, 'use_class_weights': False}",9,1.6881,0.875,1.6713,0.8539,0.875,0.858
"{'bidirectional': True, 'dropout_prop': 0.18390430729176044, 'learning_rate': 0.012828854952424567, 'nb_lstm_layers': 1, 'nb_lstm_units': 32, 'sent_length': 10, 'use_class_weights': True}",9,1.6577,0.922,1.6306,0.9317,0.9219,0.9224
"{'bidirectional': True, 'dropout_prop': 0.024580220882617243, 'learning_rate': 0.006372818490473862, 'nb_lstm_layers': 1, 'nb_lstm_units': 32, 'sent_length': 12, 'use_class_weights': True}",9,1.6296,0.961,1.6076,0.962,0.9609,0.9601
"{'bidirectional': True, 'dropout_prop': 0.1604220268166012, 'learning_rate': 0.01682116529446355, 'nb_lstm_layers': 2, 'nb_lstm_units': 32, 'sent_length': 8, 'use_class_weights': True}",6,1.7173,0.859,1.6753,0.8836,0.8594,0.8618
"{'bidirectional': False, 'dropout_prop': 0.05842774756429582, 'learning_rate': 0.026072380178257467, 'nb_lstm_layers': 1, 'nb_lstm_units': 64, 'sent_length': 15, 'use_class_weights': False}",0,2.337,0.234,2.3087,0.0549,0.2344,0.089
"{'bidirectional': True, 'dropout_prop': 0.2080785464506773, 'learning_rate': 0.002564910917771153, 'nb_lstm_layers': 1, 'nb_lstm_units': 32, 'sent_length': 8, 'use_class_weights': True}",6,1.8911,0.789,1.8078,0.7418,0.7891,0.7522
"{'bidirectional': True, 'dropout_prop': 0.4639861860466532, 'learning_rate': 0.02831157919956164, 'nb_lstm_layers': 1, 'nb_lstm_units': 32, 'sent_length': 10, 'use_class_weights': True}",9,1.6992,0.883,1.6694,0.9023,0.8828,0.8852
"{'bidirectional': True, 'dropout_prop': 0.08606206941943158, 'learning_rate': 0.01080678617017871, 'nb_lstm_layers': 1, 'nb_lstm_units': 32, 'sent_length': 8, 'use_class_weights': True}",7,1.6159,0.953,1.5984,0.9573,0.9531,0.9528
"{'bidirectional': False, 'dropout_prop': 0.031832719827362715, 'learning_rate': 0.0017684081345459473, 'nb_lstm_layers': 2, 'nb_lstm_units': 64, 'sent_length': 12, 'use_class_weights': True}",7,2.3433,0.195,2.3202,0.0586,0.1953,0.088
"{'bidirectional': True, 'dropout_prop': 0.09883049806849795, 'learning_rate': 0.020503808970072892, 'nb_lstm_layers': 1, 'nb_lstm_units': 32, 'sent_length': 8, 'use_class_weights': False}",9,1.6523,0.93,1.6246,0.9358,0.9297,0.9169
"{'bidirectional': True, 'dropout_prop': 0.07180829823800679, 'learning_rate': 0.008147146319884134, 'nb_lstm_layers': 1, 'nb_lstm_units': 32, 'sent_length': 8, 'use_class_weights': True}",7,1.6454,0.938,1.6316,0.9409,0.9375,0.9349
"{'bidirectional': True, 'dropout_prop': 0.04527872150513146, 'learning_rate': 0.008657879231085918, 'nb_lstm_layers': 1, 'nb_lstm_units': 32, 'sent_length': 15, 'use_class_weights': True}",6,1.6718,0.93,1.6251,0.9377,0.9297,0.929
"{'bidirectional': True, 'dropout_prop': 0.2965939341968462, 'learning_rate': 0.02267634693130146, 'nb_lstm_layers': 1, 'nb_lstm_units': 32, 'sent_length': 12, 'use_class_weights': True}",4,1.6721,0.938,1.6081,0.9462,0.9375,0.9392
"{'bidirectional': False, 'dropout_prop': 0.015324504898972642, 'learning_rate': 0.024990337469290073, 'nb_lstm_layers': 2, 'nb_lstm_units': 64, 'sent_length': 8, 'use_class_weights': True}",9,2.3981,0.031,2.3956,0.001,0.0312,0.0019
"{'bidirectional': True, 'dropout_prop': 0.2188063093589595, 'learning_rate': 0.005714491458319127, 'nb_lstm_layers': 1, 'nb_lstm_units': 32, 'sent_length': 10, 'use_class_weights': False}",9,1.7184,0.898,1.6667,0.8713,0.8984,0.882
"{'bidirectional': True, 'dropout_prop': 0.26429407838682695, 'learning_rate': 0.004186627874092741, 'nb_lstm_layers': 1, 'nb_lstm_units': 32, 'sent_length': 8, 'use_class_weights': True}",7,1.8324,0.773,1.7921,0.8103,0.7734,0.775
"{'bidirectional': True, 'dropout_prop': 0.11460283500313893, 'learning_rate': 0.017346721739718872, 'nb_lstm_layers': 1, 'nb_lstm_units': 32, 'sent_length': 12, 'use_class_weights': True}",4,1.6443,0.969,1.5805,0.9726,0.9688,0.9692
"{'bidirectional': True, 'dropout_prop': 0.3308686125826429, 'learning_rate': 0.015184012225301339, 'nb_lstm_layers': 1, 'nb_lstm_units': 32, 'sent_length': 8, 'use_class_weights': True}",4,1.6705,0.961,1.5792,0.9656,0.9609,0.9616
"{'bidirectional': False, 'dropout_prop': 0.0594926859655396, 'learning_rate': 0.014144136563412193, 'nb_lstm_layers': 2, 'nb_lstm_units': 64, 'sent_length': 15, 'use_class_weights': True}",0,2.3985,0.023,2.3944,0.0006,0.0234,0.0011
"{'bidirectional': True, 'dropout_prop': 0.002634778882996597, 'learning_rate': 0.0030566304118714196, 'nb_lstm_layers': 1, 'nb_lstm_units': 32, 'sent_length': 8, 'use_class_weights': False}",9,1.7544,0.883,1.6774,0.8281,0.8828,0.8504
"{'bidirectional': True, 'dropout_prop': 0.14491150127182034, 'learning_rate': 0.019639672060475104, 'nb_lstm_layers': 1, 'nb_lstm_units': 32, 'sent_length': 12, 'use_class_weights': True}",9,1.6098,0.93,1.5955,0.9413,0.9297,0.9316
"{'bidirectional': True, 'dropout_prop': 0.23650421309638742, 'learning_rate': 0.010079505246750485, 'nb_lstm_layers': 1, 'nb_lstm_units': 32, 'sent_length': 8, 'use_class_weights': True}",5,1.6908,0.859,1.6673,0.8897,0.8594,0.8659
"{'bidirectional': True, 'dropout_prop': 0.3782733152740918, 'learning_rate': 0.004891168624701011, 'nb_lstm_layers': 1, 'nb_lstm_units': 32, 'sent_length': 10, 'use_class_weights': True}",6,1.7945,0.852,1.7465,0.8614,0.8516,0.8504
"{'bidirectional': True, 'dropout_prop': 0.12530289602465156, 'learning_rate': 0.01603437471723994, 'nb_lstm_layers': 2, 'nb_lstm_units': 64, 'sent_length': 8, 'use_class_weights': True}",9,1.6509,0.93,1.6253,0.9378,0.9297,0.9311
"{'bidirectional': False, 'dropout_prop': 0.08085129234222915, 'learning_rate': 0.021260653836697653, 'nb_lstm_layers': 1, 'nb_lstm_units': 32, 'sent_length': 12, 'use_class_weights': False}",9,2.2942,0.32,2.1991,0.2878,0.3203,0.2427
"{'bidirectional': True, 'dropout_prop': 0.1556538415519489, 'learning_rate': 0.029566101273543418, 'nb_lstm_layers': 1, 'nb_lstm_units': 32, 'sent_length': 8, 'use_class_weights': True}",7,1.6207,0.922,1.6221,0.9271,0.9219,0.9217
"{'bidirectional': True, 'dropout_prop': 0.03662880457999236, 'learning_rate': 0.018061432600351646, 'nb_lstm_layers': 1, 'nb_lstm_units': 32, 'sent_length': 15, 'use_class_weights': True}",9,1.6002,0.953,1.6017,0.9567,0.9531,0.9536
"{'bidirectional': True, 'dropout_prop': 0.17837512194522728, 'learning_rate': 0.012003762644516231, 'nb_lstm_layers': 1, 'nb_lstm_units': 32, 'sent_length': 12, 'use_class_weights': True}",9,1.637,0.938,1.6107,0.9424,0.9375,0.9377
"{'bidirectional': True, 'dropout_prop': 0.3180184981850672, 'learning_rate': 0.013028803437958928, 'nb_lstm_layers': 2, 'nb_lstm_units': 64, 'sent_length': 8, 'use_class_weights': True}",7,1.6852,0.883,1.6802,0.8961,0.8828,0.8786
"{'bidirectional': False, 'dropout_prop': 0.09686253884916815, 'learning_rate': 0.026742465569536668, 'nb_lstm_layers': 1, 'nb_lstm_units': 32, 'sent_length': 10, 'use_class_weights': False}",3,2.3278,0.227,2.3123,0.0513,0.2266,0.0837
"{'bidirectional': True, 'dropout_prop': 0.2002879636628731, 'learning_rate': 0.011000758445031948, 'nb_lstm_layers': 1, 'nb_lstm_units': 32, 'sent_length': 8, 'use_class_weights': True}",8,1.6404,0.93,1.6348,0.9414,0.9297,0.9325
"{'bidirectional': True, 'dropout_prop': 0.4301169387412462, 'learning_rate': 0.002142532472054393, 'nb_lstm_layers': 1, 'nb_lstm_units': 32, 'sent_length': 12, 'use_class_weights': True}",9,1.8245,0.75,1.8186,0.6778,0.75,0.7027
"{'bidirectional': True, 'dropout_prop': 0.008629222810310963, 'learning_rate': 0.0069808698699026055, 'nb_lstm_layers': 1, 'nb_lstm_units': 32, 'sent_length': 8, 'use_class_weights': True}",9,1.624,0.93,1.614,0.9412,0.9297,0.9308
"{'bidirectional': True, 'dropout_prop': 0.021126646902150006, 'learning_rate': 0.028337247802982312, 'nb_lstm_layers': 2, 'nb_lstm_units': 64, 'sent_length': 15, 'use_class_weights': True}",6,1.9699,0.664,1.9106,0.593,0.6641,0.6185
"{'bidirectional': False, 'dropout_prop': 0.13317876644469342, 'learning_rate': 0.00925877286923002, 'nb_lstm_layers': 1, 'nb_lstm_units': 32, 'sent_length': 12, 'use_class_weights': False}",9,2.3285,0.242,2.3126,0.0596,0.2422,0.0956
"{'bidirectional': True, 'dropout_prop': 0.10623796221926574, 'learning_rate': 0.001433702832773843, 'nb_lstm_layers': 1, 'nb_lstm_units': 32, 'sent_length': 8, 'use_class_weights': True}",7,1.8192,0.766,1.7916,0.723,0.7656,0.731
"{'bidirectional': True, 'dropout_prop': 0.16863474582727295, 'learning_rate': 0.023066933514430843, 'nb_lstm_layers': 1, 'nb_lstm_units': 32, 'sent_length': 10, 'use_class_weights': True}",6,1.6405,0.93,1.6237,0.9373,0.9297,0.9304
"{'bidirectional': True, 'dropout_prop': 0.06385026511647104, 'learning_rate': 0.025090629554351963, 'nb_lstm_layers': 1, 'nb_lstm_units': 32, 'sent_length': 12, 'use_class_weights': True}",7,1.618,0.93,1.6174,0.9375,0.9297,0.9308
"{'bidirectional': True, 'dropout_prop': 0.3511460587225565, 'learning_rate': 0.0036082612512750153, 'nb_lstm_layers': 2, 'nb_lstm_units': 32, 'sent_length': 8, 'use_class_weights': True}",6,1.7963,0.828,1.7076,0.7718,0.8281,0.7898
"{'bidirectional': False, 'dropout_prop': 0.04948019610209901, 'learning_rate': 0.018510556651928464, 'nb_lstm_layers': 1, 'nb_lstm_units': 64, 'sent_length': 8, 'use_class_weights': False}",0,2.3373,0.234,2.3068,0.0549,0.2344,0.089
"{'bidirectional': True, 'dropout_prop': 0.0761721427075703, 'learning_rate': 0.016501608266195657, 'nb_lstm_layers': 1, 'nb_lstm_units': 32, 'sent_length': 15, 'use_class_weights': True}",9,1.6138,0.961,1.5864,0.9643,0.9609,0.9615
"{'bidirectional': True, 'dropout_prop': 0.19175835191414203, 'learning_rate': 0.006305288162865318, 'nb_lstm_layers': 1, 'nb_lstm_units': 32, 'sent_length': 12, 'use_class_weights': True}",7,1.7064,0.891,1.6742,0.8964,0.8906,0.8848
"{'bidirectional': True, 'dropout_prop': 0.028894239737830035, 'learning_rate': 0.014575222027578041, 'nb_lstm_layers': 1, 'nb_lstm_units': 32, 'sent_length': 8, 'use_class_weights': True}",9,1.6001,0.953,1.5937,0.9571,0.9531,0.9527
"{'bidirectional': True, 'dropout_prop': 0.29239951679191073, 'learning_rate': 0.020708597685869624, 'nb_lstm_layers': 2, 'nb_lstm_units': 128, 'sent_length': 12, 'use_class_weights': True}",9,1.6966,0.867,1.7026,0.8769,0.8672,0.8685
"{'bidirectional': False, 'dropout_prop': 0.092314280442857, 'learning_rate': 0.010439257639917666, 'nb_lstm_layers': 1, 'nb_lstm_units': 32, 'sent_length': 10, 'use_class_weights': False}",9,2.3242,0.25,2.2924,0.1294,0.25,0.1091
"{'bidirectional': True, 'dropout_prop': 0.002313662273477457, 'learning_rate': 0.011616650619592274, 'nb_lstm_layers': 1, 'nb_lstm_units': 64, 'sent_length': 8, 'use_class_weights': True}",9,1.6049,0.961,1.6091,0.967,0.9609,0.9613
"{'bidirectional': True, 'dropout_prop': 0.1162535188672057, 'learning_rate': 0.005380256837360558, 'nb_lstm_layers': 1, 'nb_lstm_units': 32, 'sent_length': 8, 'use_class_weights': True}",9,1.6681,0.906,1.6415,0.9149,0.9062,0.9082
"{'bidirectional': True, 'dropout_prop': 0.04140086890784683, 'learning_rate': 0.019423914266433476, 'nb_lstm_layers': 1, 'nb_lstm_units': 32, 'sent_length': 15, 'use_class_weights': True}",9,1.6027,0.953,1.5817,0.9613,0.9531,0.9536
"{'bidirectional': True, 'dropout_prop': 0.13855479484380456, 'learning_rate': 0.013377231022538549, 'nb_lstm_layers': 2, 'nb_lstm_units': 128, 'sent_length': 12, 'use_class_weights': True}",7,1.6638,0.906,1.6491,0.9145,0.9062,0.9045
"{'bidirectional': False, 'dropout_prop': 0.25701292161642164, 'learning_rate': 0.009704998850073318, 'nb_lstm_layers': 1, 'nb_lstm_units': 32, 'sent_length': 8, 'use_class_weights': False}",9,2.3298,0.25,2.3068,0.1294,0.25,0.1091
"{'bidirectional': True, 'dropout_prop': 0.015149341604702668, 'learning_rate': 0.023468478619322827, 'nb_lstm_layers': 1, 'nb_lstm_units': 32, 'sent_length': 10, 'use_class_weights': True}",6,1.6134,0.953,1.5848,0.9571,0.9531,0.9538
"{'bidirectional': True, 'dropout_prop': 0.15835202550636604, 'learning_rate': 0.007936351646950989, 'nb_lstm_layers': 1, 'nb_lstm_units': 64, 'sent_length': 12, 'use_class_weights': True}",4,1.6844,0.93,1.6136,0.9393,0.9297,0.9308
"{'bidirectional': True, 'dropout_prop': 0.05718435296929894, 'learning_rate': 0.001190818959204499, 'nb_lstm_layers': 1, 'nb_lstm_units': 32, 'sent_length': 8, 'use_class_weights': True}",9,1.7848,0.773,1.8079,0.7,0.7734,0.7221
"{'bidirectional': True, 'dropout_prop': 0.1259987898879371, 'learning_rate': 0.017638638468238405, 'nb_lstm_layers': 2, 'nb_lstm_units': 32, 'sent_length': 8, 'use_class_weights': True}",6,1.7157,0.867,1.6767,0.8812,0.8672,0.8631
"{'bidirectional': False, 'dropout_prop': 0.3931152296281299, 'learning_rate': 0.021932713483399677, 'nb_lstm_layers': 1, 'nb_lstm_units': 128, 'sent_length': 15, 'use_class_weights': True}",0,2.4062,0.156,2.3552,0.0519,0.1562,0.0765
"{'bidirectional': True, 'dropout_prop': 0.06936437440860682, 'learning_rate': 0.027679687152492225, 'nb_lstm_layers': 1, 'nb_lstm_units': 128, 'sent_length': 8, 'use_class_weights': True}",6,2.2178,0.523,2.0945,0.3903,0.5234,0.4401
"{'bidirectional': True, 'dropout_prop': 0.03248619171805691, 'learning_rate': 0.015935411422143577, 'nb_lstm_layers': 1, 'nb_lstm_units': 128, 'sent_length': 8, 'use_class_weights': True}",4,1.646,0.945,1.5918,0.9538,0.9453,0.9472
"{'bidirectional': True, 'dropout_prop': 0.08681063233649026, 'learning_rate': 0.015169668068676138, 'nb_lstm_layers': 1, 'nb_lstm_units': 128, 'sent_length': 8, 'use_class_weights': True}",9,1.6095,0.969,1.5957,0.971,0.9688,0.9689
"{'bidirectional': True, 'dropout_prop': 0.02186994577552697, 'learning_rate': 0.02963370665330463, 'nb_lstm_layers': 1, 'nb_lstm_units': 128, 'sent_length': 8, 'use_class_weights': True}",4,1.6669,0.93,1.6163,0.9612,0.9297,0.9389
"{'bidirectional': True, 'dropout_prop': 0.04813274174792692, 'learning_rate': 0.024625845803585827, 'nb_lstm_layers': 1, 'nb_lstm_units': 128, 'sent_length': 8, 'use_class_weights': True}",9,1.6061,0.961,1.5887,0.9639,0.9609,0.9607
"{'bidirectional': True, 'dropout_prop': 0.10596538871773631, 'learning_rate': 0.012523967214073542, 'nb_lstm_layers': 1, 'nb_lstm_units': 128, 'sent_length': 8, 'use_class_weights': True}",9,1.6143,0.953,1.5877,0.9599,0.9531,0.9539
"{'bidirectional': True, 'dropout_prop': 0.006122182454165098, 'learning_rate': 0.01982167129801712, 'nb_lstm_layers': 1, 'nb_lstm_units': 128, 'sent_length': 8, 'use_class_weights': True}",4,1.6552,0.945,1.5998,0.9499,0.9453,0.9459
"{'bidirectional': True, 'dropout_prop': 0.0373979817061096, 'learning_rate': 0.02625067218272892, 'nb_lstm_layers': 1, 'nb_lstm_units': 128, 'sent_length': 8, 'use_class_weights': True}",9,2.0191,0.57,2.0594,0.4698,0.5703,0.5056
"{'bidirectional': True, 'dropout_prop': 0.07930866966483927, 'learning_rate': 0.013637593256991683, 'nb_lstm_layers': 1, 'nb_lstm_units': 128, 'sent_length': 8, 'use_class_weights': True}",4,1.6521,0.961,1.5824,0.9657,0.9609,0.9617
"{'bidirectional': True, 'dropout_prop': 0.056663355411376765, 'learning_rate': 0.017197005578372178, 'nb_lstm_layers': 1, 'nb_lstm_units': 128, 'sent_length': 8, 'use_class_weights': True}",9,1.6013,0.953,1.599,0.9563,0.9531,0.9529
"{'bidirectional': True, 'dropout_prop': 0.09606044049464044, 'learning_rate': 0.02119034919335248, 'nb_lstm_layers': 1, 'nb_lstm_units': 128, 'sent_length': 8, 'use_class_weights': True}",9,1.6009,0.969,1.5873,0.9736,0.9688,0.9698
"{'bidirectional': True, 'dropout_prop': 0.0009613637420190155, 'learning_rate': 0.029889370506468314, 'nb_lstm_layers': 1, 'nb_lstm_units': 128, 'sent_length': 8, 'use_class_weights': True}",9,1.6256,0.938,1.6139,0.9489,0.9375,0.9401
"{'bidirectional': True, 'dropout_prop': 0.15056305706815656, 'learning_rate': 0.022849610618089395, 'nb_lstm_layers': 1, 'nb_lstm_units': 128, 'sent_length': 12, 'use_class_weights': True}",6,1.6332,0.914,1.6319,0.9154,0.9141,0.9115
"{'bidirectional': True, 'dropout_prop': 0.06490809967415848, 'learning_rate': 0.019015509953392677, 'nb_lstm_layers': 1, 'nb_lstm_units': 32, 'sent_length': 8, 'use_class_weights': True}",7,1.6042,0.961,1.5948,0.9625,0.9609,0.9607
"{'bidirectional': True, 'dropout_prop': 0.021520015341304002, 'learning_rate': 0.015542431500411336, 'nb_lstm_layers': 1, 'nb_lstm_units': 32, 'sent_length': 10, 'use_class_weights': True}",9,1.6006,0.961,1.5888,0.9632,0.9609,0.9598
"{'bidirectional': True, 'dropout_prop': 0.11441024191178843, 'learning_rate': 0.012161589257985127, 'nb_lstm_layers': 1, 'nb_lstm_units': 64, 'sent_length': 12, 'use_class_weights': False}",9,1.6883,0.898,1.6434,0.8735,0.8984,0.8813
"{'bidirectional': True, 'dropout_prop': 0.011355281399976928, 'learning_rate': 0.007439768129579197, 'nb_lstm_layers': 1, 'nb_lstm_units': 128, 'sent_length': 8, 'use_class_weights': True}",4,1.6783,0.945,1.608,0.951,0.9453,0.9463
"{'bidirectional': True, 'dropout_prop': 0.04688746372730247, 'learning_rate': 0.008764579920934011, 'nb_lstm_layers': 1, 'nb_lstm_units': 32, 'sent_length': 8, 'use_class_weights': True}",9,1.6159,0.953,1.6005,0.965,0.9531,0.9551
"{'bidirectional': True, 'dropout_prop': 0.0749191170735451, 'learning_rate': 0.014475165935345428, 'nb_lstm_layers': 1, 'nb_lstm_units': 32, 'sent_length': 15, 'use_class_weights': True}",4,1.6698,0.961,1.5962,0.9637,0.9609,0.9612
"{'bidirectional': True, 'dropout_prop': 0.18463460923663466, 'learning_rate': 0.011184454794512853, 'nb_lstm_layers': 2, 'nb_lstm_units': 32, 'sent_length': 12, 'use_class_weights': True}",6,1.6765,0.898,1.6484,0.9072,0.8984,0.8982
"{'bidirectional': False, 'dropout_prop': 0.20797314844298023, 'learning_rate': 0.025272919165909815, 'nb_lstm_layers': 1, 'nb_lstm_units': 128, 'sent_length': 8, 'use_class_weights': True}",4,2.3971,0.156,2.3862,0.0891,0.1562,0.0846
"{'bidirectional': True, 'dropout_prop': 0.0003850902922706845, 'learning_rate': 0.027391646960350007, 'nb_lstm_layers': 1, 'nb_lstm_units': 32, 'sent_length': 8, 'use_class_weights': False}",6,1.6007,0.977,1.5751,0.9783,0.9766,0.9756
"{'bidirectional': True, 'dropout_prop': 0.0003610541668669721, 'learning_rate': 0.02806345233580746, 'nb_lstm_layers': 1, 'nb_lstm_units': 32, 'sent_length': 10, 'use_class_weights': False}",9,1.5952,0.984,1.5697,0.9857,0.9844,0.9839
"{'bidirectional': True, 'dropout_prop': 0.22493204684351636, 'learning_rate': 0.021714079029413597, 'nb_lstm_layers': 1, 'nb_lstm_units': 32, 'sent_length': 10, 'use_class_weights': False}",9,1.6746,0.93,1.6161,0.9313,0.9297,0.9257
"{'bidirectional': True, 'dropout_prop': 0.03292266845862825, 'learning_rate': 0.018083352820505806, 'nb_lstm_layers': 1, 'nb_lstm_units': 32, 'sent_length': 10, 'use_class_weights': False}",9,1.6057,0.953,1.5859,0.9591,0.9531,0.9528
"{'bidirectional': True, 'dropout_prop': 0.12678791315176727, 'learning_rate': 0.029887997089776082, 'nb_lstm_layers': 1, 'nb_lstm_units': 32, 'sent_length': 10, 'use_class_weights': False}",9,1.6588,0.93,1.6107,0.9052,0.9297,0.9154
"{'bidirectional': True, 'dropout_prop': 0.08445094615645955, 'learning_rate': 0.002694644135021465, 'nb_lstm_layers': 2, 'nb_lstm_units': 32, 'sent_length': 10, 'use_class_weights': False}",9,1.8098,0.781,1.7683,0.691,0.7812,0.7268
"{'bidirectional': False, 'dropout_prop': 0.1684422632538838, 'learning_rate': 0.020125217642033146, 'nb_lstm_layers': 1, 'nb_lstm_units': 32, 'sent_length': 10, 'use_class_weights': False}",9,2.2037,0.359,2.1992,0.3489,0.3594,0.2928
"{'bidirectional': True, 'dropout_prop': 0.14387563229810624, 'learning_rate': 0.023775601664544233, 'nb_lstm_layers': 1, 'nb_lstm_units': 32, 'sent_length': 10, 'use_class_weights': False}",9,1.6275,0.906,1.6307,0.9089,0.9062,0.9003
"{'bidirectional': True, 'dropout_prop': 0.10411714980119179, 'learning_rate': 0.016566461901418153, 'nb_lstm_layers': 1, 'nb_lstm_units': 32, 'sent_length': 10, 'use_class_weights': False}",9,1.6503,0.922,1.6233,0.8865,0.9219,0.9018
"{'bidirectional': True, 'dropout_prop': 0.027793405412362866, 'learning_rate': 0.027709733229427932, 'nb_lstm_layers': 1, 'nb_lstm_units': 32, 'sent_length': 10, 'use_class_weights': False}",9,1.5985,0.953,1.5901,0.9569,0.9531,0.9509
"{'bidirectional': True, 'dropout_prop': 0.052936823627334276, 'learning_rate': 0.025064728885680575, 'nb_lstm_layers': 2, 'nb_lstm_units': 32, 'sent_length': 10, 'use_class_weights': False}",9,1.7649,0.852,1.688,0.8096,0.8516,0.8221
"{'bidirectional': False, 'dropout_prop': 0.44394966478894077, 'learning_rate': 0.004123133260644131, 'nb_lstm_layers': 1, 'nb_lstm_units': 32, 'sent_length': 10, 'use_class_weights': False}",3,2.3297,0.227,2.3173,0.0513,0.2266,0.0837
"{'bidirectional': True, 'dropout_prop': 0.4683719570832788, 'learning_rate': 0.012824160037009097, 'nb_lstm_layers': 1, 'nb_lstm_units': 32, 'sent_length': 10, 'use_class_weights': False}",9,1.7076,0.859,1.686,0.8085,0.8594,0.8297
"{'bidirectional': True, 'dropout_prop': 0.23788115878690752, 'learning_rate': 0.004689174521136002, 'nb_lstm_layers': 1, 'nb_lstm_units': 32, 'sent_length': 10, 'use_class_weights': False}",9,1.7436,0.844,1.7072,0.8013,0.8438,0.8104
"{'bidirectional': True, 'dropout_prop': 0.0165785597778126, 'learning_rate': 0.005945597090988138, 'nb_lstm_layers': 1, 'nb_lstm_units': 32, 'sent_length': 12, 'use_class_weights': False}",9,1.717,0.898,1.664,0.8368,0.8984,0.8642
"{'bidirectional': True, 'dropout_prop': 0.34353615776699625, 'learning_rate': 0.0016698941513058922, 'nb_lstm_layers': 1, 'nb_lstm_units': 64, 'sent_length': 10, 'use_class_weights': False}",9,1.858,0.773,1.7838,0.6932,0.7734,0.7219
"{'bidirectional': True, 'dropout_prop': 0.04155977941702317, 'learning_rate': 0.018978758342403444, 'nb_lstm_layers': 2, 'nb_lstm_units': 32, 'sent_length': 15, 'use_class_weights': False}",9,1.7383,0.82,1.7239,0.792,0.8203,0.7997
"{'bidirectional': False, 'dropout_prop': 0.07105133790891126, 'learning_rate': 0.022600770406433084, 'nb_lstm_layers': 1, 'nb_lstm_units': 32, 'sent_length': 12, 'use_class_weights': False}",6,2.1852,0.406,2.157,0.2323,0.4062,0.2856
"{'bidirectional': True, 'dropout_prop': 0.09509695464663141, 'learning_rate': 0.01729596183534529, 'nb_lstm_layers': 1, 'nb_lstm_units': 32, 'sent_length': 10, 'use_class_weights': False}",9,1.6194,0.961,1.5837,0.9566,0.9609,0.9551
"{'bidirectional': True, 'dropout_prop': 0.11672268647834753, 'learning_rate': 0.013871137103599801, 'nb_lstm_layers': 1, 'nb_lstm_units': 32, 'sent_length': 12, 'use_class_weights': False}",9,1.6727,0.914,1.6388,0.8788,0.9141,0.894
"{'bidirectional': True, 'dropout_prop': 0.13510131029186173, 'learning_rate': 0.003347287644205335, 'nb_lstm_layers': 1, 'nb_lstm_units': 32, 'sent_length': 15, 'use_class_weights': False}",9,1.7684,0.836,1.7181,0.7928,0.8359,0.8059
"{'bidirectional': True, 'dropout_prop': 7.406695796468416e-05, 'learning_rate': 0.029846019641870582, 'nb_lstm_layers': 1, 'nb_lstm_units': 64, 'sent_length': 10, 'use_class_weights': False}",9,1.5945,0.961,1.5872,0.9624,0.9609,0.961
"{'bidirectional': True, 'dropout_prop': 0.06064588006611191, 'learning_rate': 0.009620976160640421, 'nb_lstm_layers': 2, 'nb_lstm_units': 32, 'sent_length': 12, 'use_class_weights': False}",9,1.897,0.719,1.8213,0.5379,0.7188,0.6141
"{'bidirectional': True, 'dropout_prop': 0.28742409020702786, 'learning_rate': 0.020747285383808035, 'nb_lstm_layers': 1, 'nb_lstm_units': 32, 'sent_length': 12, 'use_class_weights': True}",7,1.632,0.93,1.6181,0.9381,0.9297,0.9278
"{'bidirectional': False, 'dropout_prop': 0.08347915311968168, 'learning_rate': 0.001982226612149524, 'nb_lstm_layers': 1, 'nb_lstm_units': 32, 'sent_length': 10, 'use_class_weights': False}",3,2.3282,0.227,2.312,0.0513,0.2266,0.0837
"{'bidirectional': True, 'dropout_prop': 0.00916629800495487, 'learning_rate': 0.026259763960729106, 'nb_lstm_layers': 1, 'nb_lstm_units': 32, 'sent_length': 15, 'use_class_weights': True}",9,1.6052,0.961,1.591,0.9721,0.9609,0.9635
"{'bidirectional': True, 'dropout_prop': 0.268845488213049, 'learning_rate': 0.01562553562932908, 'nb_lstm_layers': 1, 'nb_lstm_units': 64, 'sent_length': 12, 'use_class_weights': True}",9,1.63,0.93,1.6113,0.9422,0.9297,0.9313
"{'bidirectional': True, 'dropout_prop': 0.3080560252026733, 'learning_rate': 0.023827831139847898, 'nb_lstm_layers': 1, 'nb_lstm_units': 32, 'sent_length': 10, 'use_class_weights': True}",6,1.6947,0.867,1.6631,0.8661,0.8672,0.8566
"{'bidirectional': True, 'dropout_prop': 0.0325764043494789, 'learning_rate': 0.010472574699950766, 'nb_lstm_layers': 2, 'nb_lstm_units': 32, 'sent_length': 12, 'use_class_weights': False}",9,1.7476,0.844,1.7039,0.793,0.8438,0.8124
"{'bidirectional': False, 'dropout_prop': 0.1580079269442065, 'learning_rate': 0.006708561196570386, 'nb_lstm_layers': 1, 'nb_lstm_units': 32, 'sent_length': 10, 'use_class_weights': True}",8,2.3278,0.188,2.3212,0.3175,0.1875,0.1294
"{'bidirectional': True, 'dropout_prop': 0.0239592869372124, 'learning_rate': 0.011486026497253683, 'nb_lstm_layers': 1, 'nb_lstm_units': 32, 'sent_length': 15, 'use_class_weights': True}",9,1.6076,0.977,1.5829,0.9777,0.9766,0.9765
"{'bidirectional': True, 'dropout_prop': 0.373662318209109, 'learning_rate': 0.029959677044658784, 'nb_lstm_layers': 1, 'nb_lstm_units': 32, 'sent_length': 12, 'use_class_weights': True}",2,1.758,0.852,1.7196,0.8687,0.8516,0.8472
"{'bidirectional': True, 'dropout_prop': 0.1089274924053369, 'learning_rate': 0.00832566797315034, 'nb_lstm_layers': 1, 'nb_lstm_units': 64, 'sent_length': 10, 'use_class_weights': False}",9,1.6848,0.906,1.6508,0.9045,0.9062,0.9004
"{'bidirectional': True, 'dropout_prop': 0.04528092465416896, 'learning_rate': 0.02169810739586809, 'nb_lstm_layers': 1, 'nb_lstm_units': 32, 'sent_length': 8, 'use_class_weights': True}",7,1.6105,0.945,1.6024,0.9487,0.9453,0.9438
"{'bidirectional': True, 'dropout_prop': 0.06386803887083337, 'learning_rate': 0.0010890200996143313, 'nb_lstm_layers': 2, 'nb_lstm_units': 32, 'sent_length': 12, 'use_class_weights': True}",7,1.9522,0.719,1.8929,0.6541,0.7188,0.6735
"{'bidirectional': False, 'dropout_prop': 0.19255549752074513, 'learning_rate': 0.0280404560542874, 'nb_lstm_layers': 1, 'nb_lstm_units': 32, 'sent_length': 8, 'use_class_weights': True}",4,2.3523,0.352,2.2734,0.195,0.3516,0.217
"{'bidirectional': True, 'dropout_prop': 0.12430968391306545, 'learning_rate': 0.018141631936521872, 'nb_lstm_layers': 1, 'nb_lstm_units': 32, 'sent_length': 10, 'use_class_weights': False}",9,1.6585,0.898,1.6368,0.8632,0.8984,0.8766
"{'bidirectional': True, 'dropout_prop': 0.0004413372680309134, 'learning_rate': 0.014337286999112854, 'nb_lstm_layers': 1, 'nb_lstm_units': 32, 'sent_length': 8, 'use_class_weights': True}",9,1.5987,0.984,1.5696,0.986,0.9844,0.9844
"{'bidirectional': True, 'dropout_prop': 0.013523830774213735, 'learning_rate': 0.013487315213947759, 'nb_lstm_layers': 1, 'nb_lstm_units': 32, 'sent_length': 8, 'use_class_weights': True}",9,1.6076,0.961,1.5992,0.9711,0.9609,0.965
"{'bidirectional': True, 'dropout_prop': 0.00013908655227294555, 'learning_rate': 0.014715895299896371, 'nb_lstm_layers': 1, 'nb_lstm_units': 64, 'sent_length': 8, 'use_class_weights': True}",7,1.6051,0.945,1.602,0.9505,0.9453,0.9422
"{'bidirectional': True, 'dropout_prop': 0.3657462008831568, 'learning_rate': 0.009006397850157976, 'nb_lstm_layers': 1, 'nb_lstm_units': 32, 'sent_length': 8, 'use_class_weights': False}",9,1.7199,0.906,1.651,0.8834,0.9062,0.8896
"{'bidirectional': True, 'dropout_prop': 0.03874480973807659, 'learning_rate': 0.019436825509956433, 'nb_lstm_layers': 2, 'nb_lstm_units': 32, 'sent_length': 8, 'use_class_weights': True}",6,1.7485,0.852,1.6999,0.8098,0.8516,0.8248
"{'bidirectional': False, 'dropout_prop': 0.021511513514232108, 'learning_rate': 0.012159546028253596, 'nb_lstm_layers': 1, 'nb_lstm_units': 32, 'sent_length': 8, 'use_class_weights': True}",9,2.3547,0.148,2.3416,0.0481,0.1484,0.0541
"{'bidirectional': True, 'dropout_prop': 0.0003228509303842153, 'learning_rate': 0.010105342529118289, 'nb_lstm_layers': 1, 'nb_lstm_units': 32, 'sent_length': 8, 'use_class_weights': False}",9,1.6462,0.922,1.6175,0.8879,0.9219,0.9019
"{'bidirectional': True, 'dropout_prop': 0.4844087182516926, 'learning_rate': 0.002400115062558715, 'nb_lstm_layers': 1, 'nb_lstm_units': 32, 'sent_length': 8, 'use_class_weights': True}",7,1.887,0.766,1.8095,0.7272,0.7656,0.7298
"{'bidirectional': True, 'dropout_prop': 0.4149072623929454, 'learning_rate': 0.016980261196001968, 'nb_lstm_layers': 1, 'nb_lstm_units': 64, 'sent_length': 8, 'use_class_weights': True}",6,1.6574,0.906,1.6332,0.9232,0.9062,0.9077
"{'bidirectional': True, 'dropout_prop': 0.0533025209723932, 'learning_rate': 0.025612871451490025, 'nb_lstm_layers': 1, 'nb_lstm_units': 32, 'sent_length': 8, 'use_class_weights': False}",9,1.6303,0.961,1.5865,0.963,0.9609,0.9605
"{'bidirectional': True, 'dropout_prop': 0.3983941649628092, 'learning_rate': 0.015998150555128127, 'nb_lstm_layers': 2, 'nb_lstm_units': 32, 'sent_length': 8, 'use_class_weights': True}",8,1.7046,0.867,1.7098,0.9006,0.8672,0.8725
"{'bidirectional': False, 'dropout_prop': 0.00912225818038036, 'learning_rate': 0.023548599961684957, 'nb_lstm_layers': 1, 'nb_lstm_units': 32, 'sent_length': 8, 'use_class_weights': True}",4,2.3999,0.172,2.3854,0.0772,0.1719,0.1052
"{'bidirectional': True, 'dropout_prop': 0.07268668651240959, 'learning_rate': 0.010855498876562258, 'nb_lstm_layers': 1, 'nb_lstm_units': 32, 'sent_length': 8, 'use_class_weights': False}",9,1.6925,0.938,1.6236,0.9387,0.9375,0.9333
"{'bidirectional': True, 'dropout_prop': 0.08417846573343332, 'learning_rate': 0.014454405521126356, 'nb_lstm_layers': 1, 'nb_lstm_units': 32, 'sent_length': 8, 'use_class_weights': True}",9,1.6186,0.953,1.604,0.9583,0.9531,0.9538
"{'bidirectional': True, 'dropout_prop': 0.09497131629698108, 'learning_rate': 0.019697779536621537, 'nb_lstm_layers': 1, 'nb_lstm_units': 64, 'sent_length': 8, 'use_class_weights': True}",9,1.6019,0.953,1.5883,0.9653,0.9531,0.955
"{'bidirectional': True, 'dropout_prop': 0.029330539810362027, 'learning_rate': 0.005576781369276948, 'nb_lstm_layers': 1, 'nb_lstm_units': 32, 'sent_length': 8, 'use_class_weights': False}",9,1.6749,0.891,1.6529,0.8597,0.8906,0.8719
"{'bidirectional': True, 'dropout_prop': 0.05223729341751179, 'learning_rate': 0.006638243384993484, 'nb_lstm_layers': 2, 'nb_lstm_units': 32, 'sent_length': 15, 'use_class_weights': True}",4,1.7291,0.906,1.6455,0.9124,0.9062,0.9043
"{'bidirectional': False, 'dropout_prop': 0.00041235670026633017, 'learning_rate': 0.002973962747489238, 'nb_lstm_layers': 1, 'nb_lstm_units': 32, 'sent_length': 8, 'use_class_weights': True}",9,2.3251,0.195,2.306,0.0421,0.1953,0.0688
"{'bidirectional': True, 'dropout_prop': 0.015928175548746995, 'learning_rate': 0.007680413336982591, 'nb_lstm_layers': 1, 'nb_lstm_units': 32, 'sent_length': 10, 'use_class_weights': False}",9,1.6608,0.891,1.6527,0.8627,0.8906,0.8719
"{'bidirectional': True, 'dropout_prop': 0.24674499644150216, 'learning_rate': 0.027920126846778203, 'nb_lstm_layers': 1, 'nb_lstm_units': 32, 'sent_length': 8, 'use_class_weights': True}",4,1.6694,0.922,1.6268,0.9301,0.9219,0.9226
"{'bidirectional': True, 'dropout_prop': 0.043211685029022645, 'learning_rate': 0.013022361554616665, 'nb_lstm_layers': 1, 'nb_lstm_units': 64, 'sent_length': 8, 'use_class_weights': True}",9,1.6068,0.969,1.5812,0.9732,0.9688,0.9694
"{'bidirectional': True, 'dropout_prop': 0.1768120319455798, 'learning_rate': 0.022231807700575094, 'nb_lstm_layers': 1, 'nb_lstm_units': 32, 'sent_length': 10, 'use_class_weights': False}",9,1.6176,0.922,1.6181,0.9305,0.9219,0.9097
"{'bidirectional': True, 'dropout_prop': 0.21342999930310394, 'learning_rate': 0.01755669161994188, 'nb_lstm_layers': 2, 'nb_lstm_units': 32, 'sent_length': 8, 'use_class_weights': True}",7,1.6726,0.93,1.6183,0.9294,0.9297,0.9272
"{'bidirectional': False, 'dropout_prop': 0.06640358341559635, 'learning_rate': 0.026626471343177135, 'nb_lstm_layers': 1, 'nb_lstm_units': 32, 'sent_length': 15, 'use_class_weights': True}",1,2.3968,0.219,2.3876,0.1073,0.2188,0.0879
"{'bidirectional': True, 'dropout_prop': 0.026381029541081083, 'learning_rate': 0.020870318771499464, 'nb_lstm_layers': 1, 'nb_lstm_units': 32, 'sent_length': 8, 'use_class_weights': False}",9,1.6688,0.93,1.6098,0.9057,0.9297,0.9154
"{'bidirectional': True, 'dropout_prop': 0.10251775706931313, 'learning_rate': 0.024313756346131567, 'nb_lstm_layers': 1, 'nb_lstm_units': 32, 'sent_length': 10, 'use_class_weights': True}",9,1.6068,0.961,1.5896,0.9641,0.9609,0.9614
"{'bidirectional': True, 'dropout_prop': 0.27894834048832534, 'learning_rate': 0.01633299048691615, 'nb_lstm_layers': 1, 'nb_lstm_units': 64, 'sent_length': 8, 'use_class_weights': True}",7,1.6407,0.945,1.6133,0.947,0.9453,0.9426
"{'bidirectional': True, 'dropout_prop': 0.14665985821136263, 'learning_rate': 0.011733179617900052, 'nb_lstm_layers': 1, 'nb_lstm_units': 32, 'sent_length': 8, 'use_class_weights': False}",9,1.6726,0.898,1.6491,0.8786,0.8984,0.8783
"{'bidirectional': True, 'dropout_prop': 0.3160445252351464, 'learning_rate': 0.018492387174097877, 'nb_lstm_layers': 2, 'nb_lstm_units': 32, 'sent_length': 10, 'use_class_weights': True}",7,1.6851,0.906,1.6494,0.9065,0.9062,0.8993
"{'bidirectional': False, 'dropout_prop': 0.03863224010761726, 'learning_rate': 0.008296936422658555, 'nb_lstm_layers': 1, 'nb_lstm_units': 32, 'sent_length': 15, 'use_class_weights': True}",9,2.3769,0.164,2.3549,0.029,0.1641,0.0492
"{'bidirectional': True, 'dropout_prop': 0.2586505344352884, 'learning_rate': 0.015208891797865262, 'nb_lstm_layers': 1, 'nb_lstm_units': 32, 'sent_length': 8, 'use_class_weights': False}",9,1.6873,0.898,1.6492,0.8344,0.8984,0.8638
"{'bidirectional': True, 'dropout_prop': 0.00020464861146284068, 'learning_rate': 0.013807943320737674, 'nb_lstm_layers': 1, 'nb_lstm_units': 32, 'sent_length': 8, 'use_class_weights': True}",9,1.6062,0.977,1.5716,0.979,0.9766,0.9768
"{'bidirectional': True, 'dropout_prop': 0.09016228206061351, 'learning_rate': 0.007219874661180733, 'nb_lstm_layers': 1, 'nb_lstm_units': 32, 'sent_length': 10, 'use_class_weights': True}",4,1.7257,0.922,1.6319,0.9295,0.9219,0.9232
"{'bidirectional': True, 'dropout_prop': 0.13431431153099674, 'learning_rate': 0.009246869127974237, 'nb_lstm_layers': 1, 'nb_lstm_units': 64, 'sent_length': 8, 'use_class_weights': True}",9,1.6219,0.945,1.6137,0.9525,0.9453,0.9459
"{'bidirectional': True, 'dropout_prop': 0.05676280180817008, 'learning_rate': 0.0050770721782591125, 'nb_lstm_layers': 1, 'nb_lstm_units': 32, 'sent_length': 8, 'use_class_weights': False}",9,1.7022,0.906,1.6544,0.8524,0.9062,0.8753
"{'bidirectional': True, 'dropout_prop': 0.20255847109788472, 'learning_rate': 0.010500106627351092, 'nb_lstm_layers': 2, 'nb_lstm_units': 32, 'sent_length': 10, 'use_class_weights': True}",9,1.6518,0.906,1.6285,0.928,0.9062,0.9093
"{'bidirectional': False, 'dropout_prop': 0.008158376876043621, 'learning_rate': 0.009647182401098155, 'nb_lstm_layers': 1, 'nb_lstm_units': 32, 'sent_length': 8, 'use_class_weights': True}",9,2.3549,0.164,2.3198,0.0413,0.1641,0.0637
"{'bidirectional': True, 'dropout_prop': 0.0801010781796645, 'learning_rate': 0.004399043047700005, 'nb_lstm_layers': 1, 'nb_lstm_units': 32, 'sent_length': 15, 'use_class_weights': False}",9,1.7944,0.82,1.7273,0.7391,0.8203,0.7664
"{'bidirectional': True, 'dropout_prop': 0.12074754739274124, 'learning_rate': 0.01276916737877456, 'nb_lstm_layers': 1, 'nb_lstm_units': 32, 'sent_length': 8, 'use_class_weights': True}",9,1.6918,0.875,1.6947,0.8978,0.875,0.8768
"{'bidirectional': True, 'dropout_prop': 0.017522527508652498, 'learning_rate': 0.003822745711593025, 'nb_lstm_layers': 1, 'nb_lstm_units': 64, 'sent_length': 10, 'use_class_weights': True}",7,1.6836,0.883,1.657,0.904,0.8828,0.8805
"{'bidirectional': True, 'dropout_prop': 0.0001258164500275022, 'learning_rate': 0.013519501747346192, 'nb_lstm_layers': 1, 'nb_lstm_units': 32, 'sent_length': 8, 'use_class_weights': False}",9,1.643,0.945,1.6106,0.9461,0.9453,0.9443
"{'bidirectional': True, 'dropout_prop': 0.16109856774641457, 'learning_rate': 0.006375445510164912, 'nb_lstm_layers': 2, 'nb_lstm_units': 32, 'sent_length': 8, 'use_class_weights': True}",9,1.6732,0.938,1.6429,0.9399,0.9375,0.9359
"{'bidirectional': False, 'dropout_prop': 0.22624662908984727, 'learning_rate': 0.011679984958611188, 'nb_lstm_layers': 1, 'nb_lstm_units': 32, 'sent_length': 10, 'use_class_weights': True}",9,2.2152,0.57,2.1462,0.6094,0.5703,0.4732
"{'bidirectional': True, 'dropout_prop': 0.028748336727867904, 'learning_rate': 0.0014700335012785748, 'nb_lstm_layers': 1, 'nb_lstm_units': 128, 'sent_length': 8, 'use_class_weights': False}",8,1.7821,0.75,1.7873,0.7179,0.75,0.7239
"{'bidirectional': True, 'dropout_prop': 0.4320562429357183, 'learning_rate': 0.006076487002648764, 'nb_lstm_layers': 1, 'nb_lstm_units': 32, 'sent_length': 15, 'use_class_weights': True}",6,1.7794,0.828,1.7185,0.7902,0.8281,0.7972
"{'bidirectional': True, 'dropout_prop': 0.06473696127952981, 'learning_rate': 0.007990703545121217, 'nb_lstm_layers': 1, 'nb_lstm_units': 32, 'sent_length': 8, 'use_class_weights': True}",7,1.6324,0.93,1.6106,0.9385,0.9297,0.9289
"{'bidirectional': True, 'dropout_prop': 0.11153913134980352, 'learning_rate': 0.008683384940615525, 'nb_lstm_layers': 1, 'nb_lstm_units': 64, 'sent_length': 10, 'use_class_weights': False}",9,1.6459,0.914,1.6417,0.9266,0.9141,0.9073
"{'bidirectional': True, 'dropout_prop': 0.04613520287342784, 'learning_rate': 0.015145892922696285, 'nb_lstm_layers': 1, 'nb_lstm_units': 32, 'sent_length': 8, 'use_class_weights': True}",9,1.5978,0.945,1.5921,0.9526,0.9453,0.9462
"{'bidirectional': False, 'dropout_prop': 0.07856558641942715, 'learning_rate': 0.011082371201599786, 'nb_lstm_layers': 2, 'nb_lstm_units': 32, 'sent_length': 8, 'use_class_weights': True}",0,2.3983,0.023,2.3962,0.0006,0.0234,0.0011
"{'bidirectional': True, 'dropout_prop': 0.03729458250285328, 'learning_rate': 0.01901326299818186, 'nb_lstm_layers': 1, 'nb_lstm_units': 32, 'sent_length': 10, 'use_class_weights': False}",9,1.6811,0.914,1.6396,0.8993,0.9141,0.8887
"{'bidirectional': True, 'dropout_prop': 0.011164392648351533, 'learning_rate': 0.029830676312975882, 'nb_lstm_layers': 1, 'nb_lstm_units': 128, 'sent_length': 8, 'use_class_weights': True}",4,1.6975,0.953,1.6209,0.9566,0.9531,0.9525
"{'bidirectional': True, 'dropout_prop': 0.05598398066922244, 'learning_rate': 0.005286205889791491, 'nb_lstm_layers': 1, 'nb_lstm_units': 32, 'sent_length': 15, 'use_class_weights': True}",7,1.6707,0.914,1.6511,0.9219,0.9141,0.9115
"{'bidirectional': True, 'dropout_prop': 0.16980066457538795, 'learning_rate': 0.01664826432097537, 'nb_lstm_layers': 1, 'nb_lstm_units': 32, 'sent_length': 8, 'use_class_weights': False}",9,1.6739,0.914,1.634,0.8775,0.9141,0.8933
"{'bidirectional': True, 'dropout_prop': 0.0003558130796568332, 'learning_rate': 0.00706295222655106, 'nb_lstm_layers': 2, 'nb_lstm_units': 64, 'sent_length': 10, 'use_class_weights': True}",6,1.7081,0.859,1.6797,0.8637,0.8594,0.8591
"{'bidirectional': True, 'dropout_prop': 0.026858355925020228, 'learning_rate': 0.022456823670551074, 'nb_lstm_layers': 1, 'nb_lstm_units': 32, 'sent_length': 8, 'use_class_weights': True}",9,1.599,0.977,1.584,0.9826,0.9766,0.9779
"{'bidirectional': True, 'dropout_prop': 0.020158095294514698, 'learning_rate': 0.014385109967479803, 'nb_lstm_layers': 1, 'nb_lstm_units': 32, 'sent_length': 8, 'use_class_weights': True}",9,1.6034,0.969,1.5873,0.9706,0.9688,0.9688
"{'bidirectional': True, 'dropout_prop': 0.01013166879845159, 'learning_rate': 0.02035627553186946, 'nb_lstm_layers': 1, 'nb_lstm_units': 32, 'sent_length': 8, 'use_class_weights': True}",9,1.5901,0.992,1.5606,0.9938,0.9922,0.9925
"{'bidirectional': True, 'dropout_prop': 0.00038379038081188394, 'learning_rate': 0.02000764305867588, 'nb_lstm_layers': 1, 'nb_lstm_units': 32, 'sent_length': 8, 'use_class_weights': True}",9,1.5949,0.969,1.5866,0.9699,0.9688,0.9688
"{'bidirectional': True, 'dropout_prop': 0.0444625022713184, 'learning_rate': 0.023814701688091085, 'nb_lstm_layers': 1, 'nb_lstm_units': 32, 'sent_length': 8, 'use_class_weights': True}",9,1.6027,0.953,1.6015,0.9571,0.9531,0.9535
"{'bidirectional': True, 'dropout_prop': 0.013402183802330356, 'learning_rate': 0.018084089313451266, 'nb_lstm_layers': 1, 'nb_lstm_units': 32, 'sent_length': 8, 'use_class_weights': True}",6,1.6324,0.945,1.6061,0.952,0.9453,0.9454
"{'bidirectional': True, 'dropout_prop': 0.03315301668023117, 'learning_rate': 0.020733977208012153, 'nb_lstm_layers': 1, 'nb_lstm_units': 32, 'sent_length': 8, 'use_class_weights': True}",4,1.6383,0.945,1.5945,0.9591,0.9453,0.9489
"{'bidirectional': True, 'dropout_prop': 0.07053185259356301, 'learning_rate': 0.02610631305512068, 'nb_lstm_layers': 1, 'nb_lstm_units': 32, 'sent_length': 8, 'use_class_weights': True}",9,1.5981,0.953,1.5873,0.9579,0.9531,0.9534
"{'bidirectional': True, 'dropout_prop': 0.05391576449040593, 'learning_rate': 0.015874233394790542, 'nb_lstm_layers': 1, 'nb_lstm_units': 32, 'sent_length': 8, 'use_class_weights': True}",6,1.624,0.969,1.5901,0.9721,0.9688,0.968
"{'bidirectional': True, 'dropout_prop': 0.09186272115986856, 'learning_rate': 0.013750580823258883, 'nb_lstm_layers': 1, 'nb_lstm_units': 32, 'sent_length': 8, 'use_class_weights': True}",7,1.616,0.953,1.611,0.9573,0.9531,0.9516
"{'bidirectional': True, 'dropout_prop': 0.010241489846681006, 'learning_rate': 0.028212267731969196, 'nb_lstm_layers': 1, 'nb_lstm_units': 32, 'sent_length': 8, 'use_class_weights': True}",9,1.5962,0.961,1.5772,0.9727,0.9609,0.9656
"{'bidirectional': True, 'dropout_prop': 0.02126023748843793, 'learning_rate': 0.01716578357384076, 'nb_lstm_layers': 1, 'nb_lstm_units': 32, 'sent_length': 8, 'use_class_weights': True}",7,1.6041,0.953,1.5921,0.9578,0.9531,0.9531
"{'bidirectional': True, 'dropout_prop': 0.03782549704183856, 'learning_rate': 0.02273465237623496, 'nb_lstm_layers': 1, 'nb_lstm_units': 32, 'sent_length': 8, 'use_class_weights': True}",9,1.5961,0.961,1.5962,0.965,0.9609,0.9604
"{'bidirectional': True, 'dropout_prop': 0.005302017179502233, 'learning_rate': 0.012454153031399802, 'nb_lstm_layers': 1, 'nb_lstm_units': 32, 'sent_length': 8, 'use_class_weights': True}",9,1.602,0.945,1.6052,0.9516,0.9453,0.9461
"{'bidirectional': True, 'dropout_prop': 0.09972669173528415, 'learning_rate': 0.025240864047807593, 'nb_lstm_layers': 1, 'nb_lstm_units': 32, 'sent_length': 8, 'use_class_weights': True}",4,1.6393,0.938,1.612,0.9443,0.9375,0.9391
"{'bidirectional': True, 'dropout_prop': 0.06155138553322401, 'learning_rate': 0.01838272594205751, 'nb_lstm_layers': 1, 'nb_lstm_units': 32, 'sent_length': 8, 'use_class_weights': True}",9,1.5981,0.977,1.5753,0.9786,0.9766,0.9758
"{'bidirectional': True, 'dropout_prop': 0.000756375457116511, 'learning_rate': 0.021648124310665828, 'nb_lstm_layers': 1, 'nb_lstm_units': 32, 'sent_length': 8, 'use_class_weights': True}",9,1.6061,0.969,1.581,0.9805,0.9688,0.9732
"{'bidirectional': True, 'dropout_prop': 0.04896365995709037, 'learning_rate': 0.014109366963297747, 'nb_lstm_layers': 1, 'nb_lstm_units': 32, 'sent_length': 8, 'use_class_weights': True}",9,1.6047,0.977,1.57,0.9796,0.9766,0.9769
"{'bidirectional': True, 'dropout_prop': 0.02966979887859208, 'learning_rate': 0.010519248525104325, 'nb_lstm_layers': 1, 'nb_lstm_units': 32, 'sent_length': 8, 'use_class_weights': True}",7,1.6155,0.953,1.5932,0.9555,0.9531,0.953
"{'bidirectional': True, 'dropout_prop': 0.050235373725028384, 'learning_rate': 0.009715029230836798, 'nb_lstm_layers': 1, 'nb_lstm_units': 32, 'sent_length': 8, 'use_class_weights': True}",4,1.707,0.938,1.6246,0.9412,0.9375,0.937
"{'bidirectional': True, 'dropout_prop': 0.07396651024803924, 'learning_rate': 0.011906016667146151, 'nb_lstm_layers': 1, 'nb_lstm_units': 32, 'sent_length': 10, 'use_class_weights': True}",7,1.6218,0.938,1.6134,0.9411,0.9375,0.9374
"{'bidirectional': True, 'dropout_prop': 0.01425083570995413, 'learning_rate': 0.01395376107924799, 'nb_lstm_layers': 1, 'nb_lstm_units': 32, 'sent_length': 8, 'use_class_weights': True}",9,1.6053,0.969,1.5905,0.9779,0.9688,0.9706
"{'bidirectional': True, 'dropout_prop': 0.022057259100397623, 'learning_rate': 0.008775580314516704, 'nb_lstm_layers': 1, 'nb_lstm_units': 32, 'sent_length': 15, 'use_class_weights': True}",7,1.6251,0.945,1.6079,0.9493,0.9453,0.9443
"{'bidirectional': True, 'dropout_prop': 0.0009322606837558877, 'learning_rate': 0.012632773719588436, 'nb_lstm_layers': 1, 'nb_lstm_units': 128, 'sent_length': 8, 'use_class_weights': True}",7,1.6016,0.945,1.6014,0.9501,0.9453,0.9455
"{'bidirectional': False, 'dropout_prop': 0.04277431165188887, 'learning_rate': 0.014958728658463252, 'nb_lstm_layers': 1, 'nb_lstm_units': 32, 'sent_length': 10, 'use_class_weights': False}",9,2.2745,0.375,2.1614,0.3266,0.375,0.3004
"{'bidirectional': True, 'dropout_prop': 0.06343263671187985, 'learning_rate': 0.007584679929202189, 'nb_lstm_layers': 1, 'nb_lstm_units': 32, 'sent_length': 8, 'use_class_weights': True}",9,1.6249,0.945,1.6319,0.9586,0.9453,0.9489
"{'bidirectional': True, 'dropout_prop': 0.08477714984846511, 'learning_rate': 0.011060833234599748, 'nb_lstm_layers': 1, 'nb_lstm_units': 32, 'sent_length': 8, 'use_class_weights': True}",9,1.6153,0.938,1.6206,0.9482,0.9375,0.9411
"{'bidirectional': True, 'dropout_prop': 0.3402633649970421, 'learning_rate': 0.009868985633899862, 'nb_lstm_layers': 1, 'nb_lstm_units': 64, 'sent_length': 8, 'use_class_weights': True}",9,1.6307,0.953,1.6027,0.9571,0.9531,0.9537
"{'bidirectional': True, 'dropout_prop': 0.03291211024342437, 'learning_rate': 0.01289208592936363, 'nb_lstm_layers': 1, 'nb_lstm_units': 32, 'sent_length': 10, 'use_class_weights': False}",9,1.6133,0.93,1.6204,0.9379,0.9297,0.9236
"{'bidirectional': True, 'dropout_prop': 0.04913510230795838, 'learning_rate': 0.016232916521529646, 'nb_lstm_layers': 2, 'nb_lstm_units': 32, 'sent_length': 8, 'use_class_weights': True}",7,1.6598,0.922,1.6334,0.931,0.9219,0.922
"{'bidirectional': False, 'dropout_prop': 0.00902811805591121, 'learning_rate': 0.009340765557990391, 'nb_lstm_layers': 1, 'nb_lstm_units': 32, 'sent_length': 15, 'use_class_weights': True}",9,2.3966,0.039,2.3894,0.027,0.0391,0.032
"{'bidirectional': True, 'dropout_prop': 0.02514073639058046, 'learning_rate': 0.01987269478465486, 'nb_lstm_layers': 1, 'nb_lstm_units': 128, 'sent_length': 8, 'use_class_weights': False}",9,1.6665,0.945,1.6209,0.9492,0.9453,0.9465
"{'bidirectional': True, 'dropout_prop': 0.07281277800175076, 'learning_rate': 0.014230715958354456, 'nb_lstm_layers': 1, 'nb_lstm_units': 32, 'sent_length': 10, 'use_class_weights': True}",9,1.6051,0.953,1.5852,0.961,0.9531,0.9543
"{'bidirectional': True, 'dropout_prop': 0.0007858704277231732, 'learning_rate': 0.01729641777247678, 'nb_lstm_layers': 1, 'nb_lstm_units': 32, 'sent_length': 8, 'use_class_weights': True}",9,1.6019,0.961,1.5924,0.9647,0.9609,0.9614
"{'bidirectional': True, 'dropout_prop': 0.40170044328872645, 'learning_rate': 0.01577303403370002, 'nb_lstm_layers': 1, 'nb_lstm_units': 32, 'sent_length': 8, 'use_class_weights': False}",9,1.6728,0.883,1.6603,0.8501,0.8828,0.8633
"{'bidirectional': True, 'dropout_prop': 0.10411355552592068, 'learning_rate': 0.010483828336923183, 'nb_lstm_layers': 1, 'nb_lstm_units': 64, 'sent_length': 10, 'use_class_weights': True}",9,1.622,0.961,1.5986,0.9639,0.9609,0.9612
"{'bidirectional': True, 'dropout_prop': 0.03849764209135231, 'learning_rate': 0.008286229774288004, 'nb_lstm_layers': 2, 'nb_lstm_units': 32, 'sent_length': 8, 'use_class_weights': True}",5,1.6867,0.852,1.66,0.8819,0.8516,0.8554
"{'bidirectional': False, 'dropout_prop': 0.05825192764669667, 'learning_rate': 0.011783718306034377, 'nb_lstm_layers': 1, 'nb_lstm_units': 32, 'sent_length': 8, 'use_class_weights': False}",9,2.3298,0.242,2.3107,0.0591,0.2422,0.095
"{'bidirectional': True, 'dropout_prop': 0.4981089869635329, 'learning_rate': 0.019489275229865297, 'nb_lstm_layers': 1, 'nb_lstm_units': 128, 'sent_length': 15, 'use_class_weights': True}",9,1.7592,0.797,1.7294,0.8357,0.7969,0.8033
"{'bidirectional': True, 'dropout_prop': 0.00013308613871355787, 'learning_rate': 0.013251383487861456, 'nb_lstm_layers': 1, 'nb_lstm_units': 32, 'sent_length': 8, 'use_class_weights': True}",9,1.6077,0.953,1.5982,0.9585,0.9531,0.9535
"{'bidirectional': True, 'dropout_prop': 0.0182795740183523, 'learning_rate': 0.029994705862083738, 'nb_lstm_layers': 1, 'nb_lstm_units': 32, 'sent_length': 10, 'use_class_weights': True}",9,1.6062,0.977,1.5749,0.9782,0.9766,0.9768
"{'bidirectional': True, 'dropout_prop': 0.3048961535281779, 'learning_rate': 0.02480907010029826, 'nb_lstm_layers': 1, 'nb_lstm_units': 32, 'sent_length': 8, 'use_class_weights': False}",9,1.6857,0.883,1.6628,0.8483,0.8828,0.8629
"{'bidirectional': True, 'dropout_prop': 0.11701140691025612, 'learning_rate': 0.01817818834945818, 'nb_lstm_layers': 1, 'nb_lstm_units': 64, 'sent_length': 8, 'use_class_weights': True}",7,1.6363,0.953,1.5921,0.9588,0.9531,0.9524
